Fund Name,P1,P2,P3,P4,P5,Topsis Score,Rank
M1,0.62,0.38,4.4,46.2,12.9,0.619445080088037,3
M2,0.87,0.76,3.5,51.0,14.03,0.3157809408180065,6
M3,0.73,0.53,4.6,48.6,13.62,0.5222953879573969,5
M4,0.68,0.46,5.9,39.9,11.74,0.7140228209058539,2
M5,0.63,0.4,3.1,49.6,13.43,0.5358656725918739,4
M6,0.74,0.55,6.9,30.3,9.62,0.731143620996059,1
M7,0.79,0.62,3.0,61.2,16.4,0.2789956507143841,8
M8,0.76,0.58,3.8,66.5,17.91,0.30352868392997445,7
